recommendation_rank,flow_rate_L_min,channel_number,channel_width_mm,channel_height_mm,required_width_mm,predicted_max_temperature_C,predicted_pressure_drop_kPa_raw,predicted_pressure_drop_kPa,predicted_thermal_margin_C,predicted_pressure_margin_kPa,manufacturing_score,engineering_score,physics_engineering_score,physics_max_temperature_C,physics_pressure_drop_kPa,physics_pumping_power_W,physics_Re,physics_flow_regime,physics_thermal_ok,physics_pressure_ok,physics_feasible
1,0.525417231065416,22,1.113361358946896,3.7771786932970084,34.99394989683171,75.73965416185115,-0.15234156347449032,0.0001,9.26034583814885,49.9999,0,0.0013995425429236402,0.0052482117266157025,75.56450074492986,0.04539860082460176,0.00039755345232510617,182.35123437242575,Laminar,True,True,True
2,0.5250158841629698,22,1.1277326307931625,3.672297107304462,35.31011787744958,76.49231831900268,-0.19799184897207683,0.0001,8.507681680997322,49.9999,0,0.0013772434070213988,0.0052682028640502815,76.4882346809892,0.0457570191419554,0.00040038603102459416,185.64776755825238,Laminar,True,True,True
3,0.5071666114387978,22,1.114136652582252,2.9423891217839744,35.011006356809546,81.24469950483042,-0.09388598417374956,0.0001,3.7553004951695783,49.9999,0,0.0003855243833873724,0.006833826362695259,81.70071143025604,0.06363874303776892,0.0005379240943781608,212.20598627086503,Laminar,True,True,True
4,0.553115274157997,20,1.0673685301709586,3.644066316770831,30.847370603419172,77.98186837860179,-0.09978259997260779,0.0001,7.0181316213982115,49.9999,0,0.0029384666591510005,0.018152341081780748,78.1593676972079,0.06165626547086344,0.0005683837029912479,219.18779266234807,Laminar,True,True,True
5,0.5620006138420712,24,1.0181806719805278,3.7092569855607014,35.93633612753267,69.88502060099279,-0.17211269637669283,0.0001,15.114979399007211,49.9999,0,0.003432142817968027,0.01900001600009076,70.35458464220176,0.05742422360812101,0.0005378741486194728,184.96247785039108,Laminar,True,True,True
6,0.5595462027493869,21,1.045988675468668,3.5905873008016007,31.965762184842028,74.98289453983452,-0.11071350502942698,0.0001,10.017105460165482,49.9999,0,0.003295773890782715,0.020616468620690824,76.08515368530365,0.06390431640893646,0.0005959569597652622,214.5868844647184,Laminar,True,True,True
7,0.5748398704532993,22,1.121688720900106,3.456187165728614,35.177151859802336,77.49373835856119,-0.16401331860751675,0.0001,7.506261641438812,49.9999,0,0.004145501576469739,0.02170081167730093,76.53073504527163,0.055544677942208076,0.0005321549245444854,213.12975458822578,Laminar,True,True,True
8,0.5892038700670701,21,1.0777802982614746,3.717839746981569,32.63338626349096,75.13034624839833,-0.116681473106479,0.0001,9.869653751601675,49.9999,0,0.004943576203519233,0.02675437191817244,75.32257804560541,0.05927365441214493,0.000582071109544231,218.46678930906523,Laminar,True,True,True
9,0.5053370939099084,20,0.8900969336738408,2.8405965976007184,27.301938673476815,77.7929166832484,0.08354725484504437,0.08354725484504437,7.207083316751607,49.916452745154956,0,0.000881446008580662,0.02897744925775515,81.02673694067124,0.12856116760957317,0.0010827787804914392,252.89806454262006,Laminar,True,True,True
10,0.5647940625847139,21,0.9958060636011961,3.2026090331929242,30.911927335625116,76.9825373938866,-0.0121138940656186,0.0001,8.017462606113398,49.9999,0,0.003587348932101384,0.02981540255984265,77.47582006608008,0.08636803732628406,0.0008130025779830031,239.20450233484078,Laminar,True,True,True
11,0.5083225564905378,19,0.8577638760004906,3.085028032114777,25.29751364400932,80.4768621465756,0.05030950785583207,0.05030950785583207,4.5231378534244016,49.94969049214417,0,0.0008093029771248179,0.031174458939393603,79.94497266555219,0.1326270191181333,0.0011236217569641491,253.3762014897495,Laminar,True,True,True
12,0.6204568845594438,21,1.1893139450205468,3.56523996931167,34.97559284543148,79.89746926239518,-0.14515487501804372,0.0001,5.102530737604823,49.9999,0,0.006680017205735735,0.032309812929072444,77.996824588355,0.051774728893215965,0.0005353997831332432,232.0419110642422,Laminar,True,True,True
13,0.6013792512720315,21,1.010871709209314,3.4581195551004207,31.228305893395593,73.9991789183832,-0.08583697436462238,0.0001,11.000821081616806,49.9999,0,0.005620049544901074,0.036851970965145996,75.25791005260089,0.07912020719021803,0.0007930208493423554,239.2784223218971,Laminar,True,True,True
14,0.6227800854431631,23,1.0396560556312626,3.4308291872008314,34.91208927951904,72.96350423904765,-0.13158924556576515,0.0001,12.036495760952349,49.9999,0,0.0068090959949789346,0.039432331874358524,72.4935214703214,0.07047308567500024,0.0007314872386353333,226.1705801630423,Laminar,True,True,True
15,0.6090640201083148,23,0.9384239445276328,3.4435919610044237,32.583750724135555,71.44055352499592,-0.0659640743458675,0.0001,13.55944647500408,49.9999,0,0.0060470210840188185,0.042319832294883536,70.51035607936612,0.08904820200345331,0.0009039342649273429,225.65504941742532,Laminar,True,True,True
16,0.5479826592565635,22,0.8179868868489357,3.15354170278864,28.495711510676585,71.22219478053292,-0.01493915657534979,0.0001,13.777805219467083,49.9999,0,0.002653294713078046,0.042459001743929914,72.1778554611046,0.13526402071488242,0.001235372296217936,234.19107411097073,Laminar,True,True,True
17,0.6440738199251403,20,1.103967104088208,3.655793099912919,31.57934208176416,79.05514383841698,-0.09978259997260779,0.0001,5.944856161583019,49.9999,0,0.007992191905737855,0.043293388626642434,77.049878414153,0.06558177556924791,0.0007039917451393125,252.64137375363222,Laminar,True,True,True
18,0.6127627579468342,23,1.0544893485463722,2.680272917155726,35.25325501656656,79.98804501657553,-0.09697682887595507,0.0001,5.011954983424474,49.9999,0,0.006252525741523838,0.046146750786254666,78.3094137103371,0.09725671977908575,0.0009932549306782498,266.3700921010935,Laminar,True,True,True
19,0.5894542383468464,17,0.9007208821162802,3.710232912820048,23.312254995976765,81.22685189421229,-0.003826271261181478,0.0001,3.773148105787712,49.9999,0,0.00495748685353874,0.04682973661126845,78.72188086463481,0.1167002734997813,0.001146491180511371,280.79818739804136,Laminar,True,True,True
20,0.6296681579505228,20,0.9020984953583326,3.847149523181715,27.541969907166653,71.50090202919115,-0.02963921889702074,0.0001,13.499097970808847,49.9999,0,0.0071918024865699525,0.05165639132668258,71.28462338398116,0.10038832926290983,0.0010535222394451166,247.53737595700534,Laminar,True,True,True
